StudentID,Name,Age,Class,Grade
1,John Doe,15,10,A
2,Jane Smith,14,9,B
3,Mark Lee,16,11,A
4,Linda Brown,15,10,B
5,Kellan Robinson,16,9,B
6,Arianna Hall,19,10,B
7,Dexter Gray,17,12,A
8,Lucia Armstrong,17,10,B
9,Adam Roberts,13,11,B
10,Amy Sullivan,13,9,A
11,Frederick Fowler,14,9,B
12,Camila Dixon,20,9,A
13,Robert Perry,10,12,A
14,Michelle Perkins,11,9,B
15,Stella Payne,13,12,B
16,Edwin Chapman,20,12,B
17,Arnold Hawkins,16,12,B
18,Maddie Edwards,10,12,B
19,Walter Carter,15,9,A
20,Hailey West,19,10,B
21,Evelyn Smith,11,12,B
22,Jack Gray,13,11,A
23,Mike Jones,10,10,A
24,Darcy Kelly,13,10,B
25,Aida Murray,13,10,A
26,Derek Higgins,20,11,A
27,Jasmine Harper,15,12,B
28,Alan Murray,14,12,A
29,Ryan Hawkins,20,9,A
30,Richard Warren,15,12,A
31,Victor Hamilton,14,10,B
32,Naomi Johnson,14,11,B
33,Antony Bailey,19,11,B
34,Harold Hall,10,12,A
35,Lenny Warren,17,10,A
36,Vincent Anderson,17,12,B
37,Jenna Grant,20,9,B
38,Lyndon Tucker,15,9,B
39,Cadie Morrison,14,9,A
40,Reid Bailey,14,12,B
41,April Mason,16,10,A
42,Jack Mason,20,9,A
43,Ashton Campbell,20,12,A
44,Brad Stevens,15,12,A
45,Sabrina Wilson,16,11,A
46,Carlos West,10,12,A
47,Eddy Mason,12,10,A
48,Deanna Clark,11,10,A
49,Frederick Anderson,13,10,B
50,Adele Martin,14,11,A
51,Elise Brown,18,9,B
52,Annabella Baker,12,12,B
53,Cadie Riley,19,12,A
54,Bruce Lloyd,19,12,A
55,Brooke Johnson,14,11,A
56,Evelyn Hawkins,18,11,B
57,Arthur Stevens,19,10,A
58,Ashton Fowler,20,10,A
59,Dexter Miller,18,11,B
60,Adele Morrison,19,12,A
61,Garry Hunt,17,10,B
62,Andrew Barnes,16,9,B
63,Gianna Dixon,10,11,B
64,Dominik Davis,19,9,A
65,Lydia Montgomery,15,10,B
66,Robert Campbell,12,12,A
67,Rubie Farrell,13,9,B
68,Lana Myers,12,12,B
69,Alina Brooks,16,9,A
70,Samantha Anderson,20,10,A
71,Anna Watson,11,9,A
72,Rafael West,20,9,A
73,Camila Myers,11,10,A
74,Kellan Andrews,17,12,B
75,Kirsten Barnes,20,11,B
76,Preston Mason,20,11,B
77,Luke Richards,16,10,B
78,Henry Carter,11,12,B
79,Ryan Kelly,16,11,B
80,Kristian West,16,11,A
81,Edgar Bennett,19,12,A
82,Dexter Scott,13,12,A
83,Charlie Hamilton,14,10,A
84,Vivian Perry,19,11,B
85,Antony Dixon,19,10,B
86,William Carter,16,10,B
87,Kelsey Crawford,18,10,A
88,Aston Riley,10,10,B
89,Blake Riley,16,12,B
90,Tara Martin,18,10,A
91,Adam Alexander,17,11,B
92,Spike Gibson,11,10,A
93,Elian Cameron,17,9,B
94,Charlie Ross,12,11,A
95,Alexia Parker,15,9,B
96,Wilson Cole,11,12,B
97,Ted Alexander,18,10,A
98,Audrey Richards,10,10,B
99,Adelaide Johnson,20,9,B
100,Lucas Adams,10,10,A
101,Arianna Walker,12,10,B
102,Carl Brooks,18,11,B
103,Roland Andrews,11,10,B
104,Alina Stewart,18,10,B
105,Naomi Wright,11,12,B
106,Chloe Barrett,10,12,A
107,Lana Bennett,16,10,A
108,Kelvin Edwards,13,12,B
109,Justin Anderson,13,12,B
110,Jared Jones,19,9,B
111,Jenna Ferguson,14,11,B
112,Rafael Owens,19,9,B
113,Kate Montgomery,16,12,B
114,Aiden Cooper,19,12,A
115,Tyler Harris,12,11,B
116,Rubie Reed,12,10,B
117,Caroline Warren,13,10,B
118,Tess Spencer,12,11,B
119,Rubie Hill,10,11,A
120,Olivia Perry,14,9,A
121,Alan Morgan,19,9,B
122,Florrie Lloyd,13,10,B
123,Belinda Edwards,16,11,A
124,Caroline Richards,18,9,B
125,Kimberly Mason,12,10,A
126,Sydney Kelly,10,12,A
127,Walter Hall,16,11,A
128,Kristian Cooper,15,9,B
129,Darcy Davis,15,10,A
130,Robert Brown,14,9,B
131,Spike Spencer,16,9,A
132,Robert Carter,13,12,A
133,Carina Thompson,14,10,B
134,Vivian Chapman,19,11,A
135,Daisy Wells,15,11,B
136,Valeria Tucker,10,10,A
137,Joyce Adams,20,11,A
138,Gianna Taylor,18,12,B
139,Fiona Henderson,20,12,B
140,Nicholas Murray,13,12,B
141,Daisy Morrison,13,12,B
142,Aiden Grant,18,9,B
143,Arianna Bennett,10,9,B
144,Alisa Ryan,11,10,B
145,Victoria Riley,15,12,A
146,Patrick Moore,14,10,B
147,Preston Brooks,18,9,B
148,Nicole Martin,12,9,B
149,Julian Andrews,11,10,B
150,Melissa Campbell,19,9,B
151,Maria Gray,20,11,B
152,Marcus Chapman,10,12,A
153,Vanessa Warren,17,12,A
154,Reid Tucker,17,9,A
155,Miller Elliott,11,10,A
156,Richard Hunt,18,10,B
157,John Grant,20,9,A
158,Sienna Reed,19,12,A
159,Eleanor Morgan,18,9,A
160,Miley Edwards,10,11,A
161,Tess Sullivan,17,10,B
162,Ashton Myers,13,12,B
163,Preston Taylor,16,10,A
164,Maya Kelly,16,9,B
165,Thomas Watson,15,12,B
166,Carl Gray,11,9,B
167,Lana Perkins,20,10,A
168,Adison Morris,12,10,A
169,James Richardson,13,12,A
170,Adam West,20,12,B
171,Edgar Gray,14,10,B
172,Derek Adams,19,9,A
173,Charlie Perry,19,9,B
174,Adison Thomas,17,10,B
175,Reid Cooper,16,12,A
176,Reid Hunt,20,10,A
177,Lucas Evans,18,12,A
178,Penelope Evans,18,9,B
179,Henry Barrett,14,9,B
180,Charlie Henderson,14,12,A
181,Leonardo Thompson,20,10,A
182,Melissa Henderson,14,11,A
183,Anna Armstrong,10,10,A
184,Oliver Kelly,12,12,A
185,Ted Lloyd,10,10,A
186,Maya Howard,20,9,B
187,Gianna Scott,14,12,A
188,Charlotte Clark,17,9,A
189,Clark Gray,11,10,A
190,Owen Phillips,17,9,B
191,Victoria Davis,16,12,A
192,Lyndon Elliott,13,10,B
193,Adrian Perry,15,9,B
194,Ted Watson,10,11,B
195,Eric Cole,14,9,A
196,Catherine Ferguson,10,9,B
197,Vincent Douglas,16,9,B
198,Nicole Anderson,17,10,A
199,Alberta Harris,14,10,B
200,Aston Roberts,15,9,B
201,Daryl Perkins,18,9,B
202,Tess Bailey,16,9,B
203,Lucy Allen,15,9,A
204,John Payne,12,9,A
205,Victoria Russell,17,12,A
206,Rebecca Barnes,20,11,B
207,Adrianna Ellis,19,9,A
208,Martin Adams,18,11,A
209,Jack Owens,15,9,A
210,Antony Phillips,15,11,A
211,Ashton Grant,18,11,B
212,Leonardo Fowler,11,11,A
213,Kirsten Andrews,13,12,A
214,Edgar Perry,16,12,B
215,Amelia Baker,15,10,B
216,Edward Walker,13,10,B
217,Tara Barrett,19,10,A
218,Lilianna Kelley,10,12,A
219,Bruce Murray,20,9,A
220,Rubie Edwards,20,11,B
221,James Carroll,15,10,B
222,Lydia Mitchell,17,11,B
223,Alissa Myers,14,12,A
224,Leonardo Martin,10,12,A
225,Aston Murphy,13,11,A
226,Paul West,16,9,A
227,Adam Tucker,20,11,A
228,Richard Smith,17,11,B
229,Lana Thompson,18,9,B
230,Miller Johnston,18,9,B
231,Maria Alexander,17,11,B
232,Bruce Richardson,11,9,B
233,Natalie Allen,17,9,A
234,Roland Turner,17,11,B
235,Adrianna Higgins,15,9,B
236,Leonardo Richards,17,12,A
237,Hailey Armstrong,16,10,B
238,Preston Johnson,16,12,B
239,John Ferguson,20,12,B
240,Vincent Cole,14,11,A
241,Grace Baker,12,9,A
242,Dominik Reed,13,9,A
243,Edward Thomas,14,11,B
244,Alina Higgins,14,12,B
245,Amber Harris,19,12,A
246,Audrey Howard,19,10,A
247,William Ferguson,14,12,A
248,Alfred Russell,14,9,A
249,Kirsten Watson,10,10,B
250,Alisa Foster,12,10,B
251,Paige Morrison,19,10,B
252,Alen Lloyd,12,12,B
253,Thomas Crawford,18,12,A
254,Sienna Russell,12,10,A
255,Robert Chapman,10,12,A
256,Oscar Chapman,11,9,A
257,Walter Harrison,20,11,A
258,Grace Russell,17,12,A
259,Jacob Thomas,13,10,B
260,Briony Cunningham,19,9,A
261,Sawyer Robinson,20,11,B
262,Briony Stewart,16,12,A
263,Edgar Roberts,13,9,B
264,Evelyn Sullivan,13,11,B
265,Dominik Bennett,11,12,A
266,Lucy Jones,13,9,A
267,Sabrina Nelson,15,12,A
268,Albert Henderson,18,11,B
269,Maddie Carter,16,12,B
270,Edgar Dixon,16,10,B
271,Daryl Gibson,15,11,B
272,Aiden Alexander,10,12,A
273,Adison Watson,13,10,B
274,Carina Russell,16,10,B
275,Kelsey Moore,11,11,A
276,Dominik Lloyd,20,11,B
277,Ryan Andrews,13,10,A
278,Robert West,11,11,B
279,Kellan Smith,11,12,B
280,Jessica Barnes,10,12,B
281,Lilianna Phillips,17,11,A
282,Chloe Armstrong,19,12,A
283,Jasmine Davis,17,9,A
284,Charlie Cooper,11,11,A
285,Eddy Carter,20,11,A
286,Frederick Ryan,11,11,B
287,Luke Cameron,19,11,B
288,Michael Stewart,10,11,B
289,Adrian Russell,10,9,A
290,Ada West,15,12,A
291,Naomi Sullivan,18,10,A
292,Derek Johnson,11,9,B
293,Cherry Wells,11,9,A
294,Sam Thompson,15,10,B
295,Maya Elliott,17,9,B
296,Alissa Wells,13,10,B
297,Antony Murray,17,9,A
298,Charlie Ellis,16,12,A
299,Ada Rogers,12,12,A
300,Adrianna Carter,10,9,B
301,Carl Scott,13,9,A
302,Sabrina Russell,12,11,A
303,Sienna Wells,12,11,B
